school_id,student_id,state_student_id,first_name,last_name,gender,race,grade,birth_date
15628,993792,8011665,Toby,Ballard,Male,White,12,5/14/2005
15628,743808,7217863,Gary,Roberts,Male,Multiple,12,12/25/2005
15628,529927,2422078,Hope,Guerrero,Female,White,10,3/17/2007
15628,793479,8240139,Ronald,Mendoza,Male,Multiple,8,3/15/2009
15628,317593,3118629,Harold,Davenport,Male,Hispanic,12,12/24/2005
15628,817614,2365398,Richard,Jackson,Male,Hispanic,8,1/18/2009
15628,577973,9715905,Richard,Davis,Male,Hispanic,12,7/13/2005
15628,858974,3826368,Shanna,Acosta,Female,Asian,8,10/12/2009
15628,184148,9830358,Pam,Day,Female,Multiple,8,6/21/2009
15628,291615,8766083,Alice,Williams,Female,White,12,3/2/2005
15628,197400,4930854,Edward,Fischer,Male,Multiple,11,9/28/2006
15628,741559,4178794,Damien,Gates,Male,Multiple,10,11/17/2006
15628,628153,9895965,Robert,Lopez,Male,White,12,4/19/2006
15628,512061,8045299,Willie,Wilson,Female,Black,12,6/11/2005
15628,390121,7426399,Dion,Jacobs,Male,Multiple,10,3/14/2007
15628,926065,9160643,Deana,Bartlett,Female,Hispanic,12,7/28/2004
15628,984820,6235234,Nina,King,Female,Multiple,10,4/18/2007
15628,943145,9934015,Charles,Cruz,Male,Asian,9,7/19/2008
15628,549025,6254567,Jose,Cox,Male,Black,11,4/10/2006
15628,790399,1082477,Michael,Williams,Male,Hispanic,8,5/15/2009
15628,993606,2910040,Ruth,Parker,Female,Asian,11,4/10/2006
15628,380106,4564420,Carlos,Howell,Male,Black,12,7/3/2005
15628,194017,9929120,Charles,Wilson,Male,Asian,9,12/1/2008
15628,146624,8465776,Gwendolyn,Lopez,Female,Black,10,9/18/2006
15628,364462,6880334,Gregory,Gomez,Male,Black,11,1/24/2006
15628,585202,3335952,Carol,Smith,Female,White,10,10/25/2008
15628,248037,2181915,Beverly,Hodges,Female,Black,10,6/9/2007
15628,699030,6243519,Nora,Robbins,Female,White,11,10/16/2006
15628,855834,3441676,Lois,Jones,Female,Asian,9,3/23/2008
15628,876262,3955659,Johnnie,Lane,Male,Multiple,12,12/1/2005
15628,987867,6216075,Ruben,Martinez,Male,Black,12,4/16/2004
15628,940586,9095016,Dennis,Ryan,Male,Black,12,9/3/2005
15628,393585,8070421,William,Hernandez,Male,Black,11,6/14/2006
15628,175402,4881943,Daren,Gilbert,Male,Hispanic,9,2/17/2008
15628,365598,1283213,Ashley,Meza,Female,Hispanic,9,3/22/2008
15628,333809,1020974,Steven,Ramirez,Male,Black,8,7/15/2009
15628,294611,5749262,Veronica,Rosales,Female,Asian,12,9/15/2005
15628,951541,8279552,Connie,Wolf,Male,Hispanic,11,3/8/2006
15628,351975,6190621,Alice,Hernandez,Female,Hispanic,10,7/10/2006
15628,987394,7477361,Billy,Grimes,Male,Black,12,3/13/2005
15628,669067,8568960,Deborah,Rodgers,Female,Multiple,12,6/20/2005
15628,360359,8341407,Katie,Moran,Female,Black,8,2/16/2010
15628,657631,7595405,Jacob,Wilson,Male,Asian,9,1/15/2008
15628,157498,4373788,Samuel,Ramos,Male,Black,9,6/28/2008
15628,575288,4884928,Thomas,Carr,Male,White,12,3/16/2005
15628,949322,9279242,Michael,Martin,Female,Multiple,10,4/11/2007
15628,639294,4170333,William,Jones,Male,White,9,12/6/2007
15628,186890,8331899,James,Saunders,Female,Black,10,12/16/2007
15628,102685,8753699,William,Smith,Male,White,10,3/26/2007
15628,165855,2000974,Connie,Mejia,Male,Hispanic,11,11/2/2006
15628,568691,5237269,Michael,Thompson,Female,Hispanic,10,1/19/2006
15628,818996,1032943,Sara,Burke,Female,Hispanic,12,6/22/2004
15628,935114,3820928,Mary,Ford,Male,Hispanic,10,8/7/2007
15628,157998,6970791,Steven,Hamilton,Male,White,9,12/6/2007
15628,360890,5543408,Alex,Carrillo,Male,Hispanic,9,6/21/2008
15628,565234,5902614,Maria,Guzman,Male,Black,8,3/12/2009
15628,685149,5369361,Terry,Davis,Female,Multiple,11,7/27/2006
15628,679858,5050043,William,Jacobson,Male,Hispanic,12,1/25/2006
15628,697018,6646642,Brandi,Conway,Female,Multiple,9,3/2/2007
15628,717387,3676959,Lewis,Thomas,Male,Hispanic,12,12/26/2005
15628,497281,3270882,Irene,Burns,Female,White,9,9/4/2008
15628,881304,9901647,Peter,Baldwin,Male,Asian,10,11/6/2007
15628,599670,8379524,Rosemary,Woods,Female,Multiple,8,9/11/2009
15628,248846,2714950,Steven,Sanders,Male,White,11,11/3/2006
15628,589979,3488852,Pamela,Myers,Female,White,11,5/12/2006
15628,473456,5333254,Hattie,Anderson,Female,Black,12,1/28/2005
15628,368997,6799025,Leroy,Lewis,Male,Multiple,8,4/21/2010
15628,153390,6510188,Dorothy,Bradley,Female,White,11,6/27/2006
15628,324997,3993977,David,Monroe,Male,Multiple,11,8/23/2006
15628,258734,2897585,Barbra,Faulkner,Female,Multiple,10,6/7/2007
15628,518665,8954435,Paul,Hernandez,Male,Hispanic,12,4/8/2005
15628,745991,8135521,Lois,Davis,Female,Black,9,12/22/2008
15628,198668,5140258,Kimberly,Russell,Female,White,12,3/8/2005
15628,887790,9734130,Allen,Douglas,Male,Hispanic,8,3/15/2009
15628,527568,4536128,Peter,James,Male,Hispanic,11,3/13/2006
15628,845133,8971858,Lloyd,Gould,Male,Black,11,8/2/2007
15628,898952,6875741,Mason,Strickland,Male,White,12,12/19/2006
15628,665107,7662933,Violet,Stewart,Female,Black,8,5/26/2009
15628,227533,8128096,Dave,Harper,Male,Multiple,9,8/21/2008
15628,357760,9270730,Shirley,Fletcher,Male,Black,9,10/12/2008
15628,768402,7449277,Denis,Williams,Male,Asian,10,12/1/2007
15628,860021,8816381,William,Hill,Male,White,9,3/28/2007
15628,171159,5255741,William,Harvey,Male,Hispanic,10,5/4/2007
15628,959449,6186640,Anna,Martinez,Female,Hispanic,12,6/19/2006
15628,845447,8920433,Roy,Ward,Male,Asian,10,8/6/2007
15628,596462,6311420,Jeremy,Brown,Male,Asian,9,4/20/2008
15628,484725,4939862,David,Harrison,Male,Asian,8,7/7/2009
15628,224672,3872472,Robin,Christian,Female,White,12,12/17/2005
15628,184944,6378039,Elizabeth,Foster,Female,Multiple,10,9/11/2006
15628,815279,1700279,Carrie,Roberts,Female,Black,9,6/26/2008
15628,477657,2503007,Todd,Houston,Male,Multiple,8,8/17/2009
15628,541655,3569821,Patsy,Powell,Female,Black,10,8/3/2007
15628,336109,4430029,Lora,Ruiz,Female,Asian,8,4/11/2009
15628,770103,1003773,Joyce,Flores,Female,Black,11,6/3/2006
15628,513603,8616011,Grace,Baker,Female,White,9,12/4/2008
15628,564842,9274402,Jose,Garza,Male,Asian,8,5/1/2009
15628,527281,9424220,Charles,Mora,Male,Black,9,11/23/2008
15628,976379,3373513,Robert,Sullivan,Male,Hispanic,12,7/24/2005
15628,417949,3486715,Shirley,Cohen,Female,Hispanic,12,7/26/2005
15628,284671,1219442,Gary,Stokes,Male,Black,10,10/15/2006
15628,787071,2413904,Alicia,Jones,Female,Multiple,10,12/25/2006
15628,810461,5066316,Dave,Reynolds,Male,Hispanic,9,9/28/2007
15628,765832,4084679,Lloyd,Ross,Male,Hispanic,8,10/23/2008
15628,509748,8036712,Andrew,Taylor,Male,Multiple,12,2/12/2005
15628,122883,5691222,Carlo,Anderson,Male,White,11,1/19/2006
15628,514500,4567455,Spencer,Hunter,Male,Black,10,11/1/2007
15628,513972,4383212,Linda,Nunez,Female,Black,10,1/24/2006
15628,933835,7843252,Henry,Anderson,Male,Multiple,12,9/19/2005
15628,640085,4200682,Harley,Owens,Male,White,10,2/5/2007
15628,835464,4933705,Robert,Wall,Male,Asian,11,5/1/2006
15628,870993,8080353,Tyree,Harris,Male,Hispanic,11,12/2/2006
15628,821190,3898733,Rodney,Strong,Male,Black,11,8/20/2006
15628,926975,3981255,Thomas,Robinson,Male,Black,9,11/5/2009
15628,994953,2334201,Kathy,West,Female,Asian,9,8/5/2009
15628,627678,9292794,Maryann,Wang,Female,Hispanic,12,7/23/2005
15628,342207,9019965,Louis,Gilmore,Male,Asian,10,11/14/2006
15628,334124,9632854,Mary,Campbell,Female,Black,11,8/11/2006
15628,331971,8794142,Robert,Miller,Male,Hispanic,8,2/23/2010
15628,556443,6554006,Deborah,Snow,Female,Multiple,9,6/16/2008
15628,183306,1464038,Lorraine,Gonzalez,Female,Hispanic,12,6/18/2005
15628,870011,7328240,Rachel,Morrison,Female,Hispanic,12,1/17/2006
15628,348690,4082097,Alice,Johnson,Female,Black,10,6/4/2007
15628,872341,6707149,Brian,Cochran,Male,Hispanic,12,8/5/2005
15628,238240,2781408,Carol,Kirk,Female,Multiple,10,2/23/2007
15628,949941,5695621,Rebecca,Bauer,Female,Asian,10,2/4/2007
15628,147878,6669189,Diane,Rodriguez,Female,Asian,11,11/10/2006
15628,952470,1132963,Samuel,Hendrix,Male,Asian,8,8/11/2009
15628,571675,5105223,Judy,Williams,Female,Black,12,12/23/2005
15628,679216,1834908,Steven,Doyle,Male,Multiple,10,6/12/2007
15628,879615,7609677,Mauricio,Johnson,Male,Multiple,11,11/1/2006
15628,151868,5620276,William,Roth,Male,Multiple,10,1/28/2007
15628,444494,3669308,Ricardo,Campos,Male,Asian,11,2/18/2006
15628,424634,2513759,Josefina,Sullivan,Female,Multiple,10,1/7/2007
15628,343595,1343567,Charles,Miller,Male,Asian,10,9/13/2007
15628,274018,4136785,Donald,Martinez,Male,Hispanic,12,4/8/2004
15628,310966,6880427,Patricia,Gonzalez,Female,White,8,4/12/2010
15628,530093,9498750,Betty,Cole,Female,Asian,9,5/15/2008
15628,353762,3701492,Troy,Landry,Male,Hispanic,12,9/10/2005
15628,555106,5737391,Joan,Pena,Female,Black,10,10/9/2007
15628,846298,8230811,James,Collins,Male,Black,12,3/11/2005
15628,186598,1779768,Arnold,Jackson,Male,Hispanic,8,11/13/2009
15628,638694,6875746,Linda,Smith,Female,Hispanic,9,11/16/2008
15628,200201,7740106,Mattie,Martinez,Female,White,10,12/18/2008
15628,283065,4539262,Alejandro,Hernandez,Male,White,8,7/23/2009
15628,442100,1041070,Jack,Robinson,Male,Hispanic,8,3/6/2009
15628,819274,9035404,Andrew,Turner,Male,Black,11,8/11/2006
15628,317489,4987708,Lisa,Webb,Female,Multiple,10,6/13/2007
15628,828443,6081846,Aida,Patton,Female,Asian,10,11/5/2007
15628,815350,7308179,Susan,Barry,Female,Asian,9,2/28/2007
15628,386967,4730899,Eva,Tapia,Female,Multiple,8,8/25/2009
15628,522079,6676485,Antonio,Rice,Male,Multiple,8,3/15/2009
15628,265140,6769061,Carl,Walter,Male,Black,11,9/28/2006
15628,669983,5828317,Kathrine,Stewart,Female,White,10,6/6/2007
15628,487259,4313472,Bryan,Smith,Male,Asian,10,4/17/2008
15628,393554,1915205,George,Alvarez,Male,White,9,10/13/2008
15628,704534,4529065,Antone,Johnson,Male,Asian,12,12/12/2005
15628,111291,2007039,Lydia,Kent,Female,Multiple,8,1/12/2010
15628,904988,8604971,Miguel,Young,Male,Black,8,7/25/2009
15628,336129,4982823,Keri,Miller,Female,Black,9,1/6/2008
15628,500435,4668720,Catherine,Hodges,Female,Asian,11,9/1/2007
15628,318098,1826946,Micheal,Evans,Male,Hispanic,12,4/15/2005
15628,905471,9196955,Gloria,Hill,Female,Asian,11,8/25/2006
15628,992833,3575418,Carlos,Rivera,Male,Asian,10,7/3/2007
15628,813559,2357402,Nadine,Rodriguez,Female,Asian,9,11/16/2008
15628,425186,4440994,William,Duncan,Male,White,9,10/20/2008
15628,258181,1168956,Joseph,Wu,Male,Multiple,9,2/25/2009
15628,492275,4493541,Tina,Peterson,Female,White,12,11/5/2005
15628,953742,6513720,Thomas,Collins,Male,White,12,1/26/2005
15628,363578,4920875,Joan,Hansen,Male,Asian,10,10/27/2007
15628,122960,1610797,Gloria,Simmons,Female,Hispanic,10,10/2/2006
15628,741081,9705329,Veronica,Alvarado,Female,Multiple,10,6/12/2007
15628,603115,2834163,Vernon,Johnson,Male,Black,8,2/1/2009
15628,861564,2146492,Amanda,Cox,Female,Multiple,10,12/5/2008
15628,874191,1674416,Steve,Rogers,Male,Multiple,9,12/2/2008
15628,597824,7952748,Jane,Mcdowell,Female,Multiple,9,1/26/2008
15628,726283,1405437,Alberta,Stanley,Female,Black,10,8/16/2008
15628,608366,9423347,Edward,Cervantes,Male,Asian,11,5/12/2006
15628,104795,8947531,Jason,Mann,Male,Multiple,10,2/6/2007
15628,878822,6966381,Jodi,Hill,Female,Multiple,8,7/26/2010
15628,997377,6263718,Amanda,Barrett,Female,White,12,12/6/2005
15628,409338,1101022,Percy,Waters,Male,Multiple,12,6/18/2005
15628,512409,3068152,Stephen,Gomez,Male,Asian,11,5/26/2006
15628,845772,2197073,Sandra,Velez,Female,Hispanic,9,11/8/2009
15628,219437,8847506,Andre,Wilson,Male,Hispanic,8,4/5/2009
15628,261144,1791754,William,Cordova,Male,Black,11,6/9/2007
15628,572334,7594776,Thomas,Wells,Male,Black,8,9/27/2010
15628,181841,9785189,Maude,Parker,Female,White,11,12/7/2006
15628,213980,7084151,Myrtle,Moore,Female,Hispanic,10,4/11/2007
15628,486810,7361131,Rupert,Brown,Male,Black,9,5/19/2009
15628,497538,6900900,David,Glover,Male,Asian,10,12/24/2007
15628,567147,7748695,Mary,Zuniga,Male,Black,10,3/11/2007
15628,185014,9215194,Rose,Howard,Female,Hispanic,11,7/13/2006
15628,155571,3340897,Rose,Russell,Female,White,12,12/21/2005
15628,672182,3382359,John,Garcia,Female,Asian,10,2/15/2006
15628,149942,9525342,Eric,Oliver,Male,Multiple,10,8/4/2007
15628,898628,6787343,Juan,Cook,Male,Black,8,6/11/2009
15628,473679,4515254,Nadia,Moss,Female,White,9,7/17/2008
15628,751485,3352737,Scott,Flores,Male,Asian,10,6/7/2006
15628,415956,4417844,Josephine,Peterson,Female,Multiple,8,6/12/2009
15628,822428,6698874,Glen,Hensley,Male,White,8,4/7/2009
15628,253143,2022153,Deborah,Woods,Female,White,8,1/10/2009
15628,150099,2796966,Joan,Trejo,Male,Asian,12,12/18/2005
15628,260258,6997676,Kelly,Jackson,Male,Asian,9,4/19/2008
15628,493449,5461991,Kimberly,Foster,Female,Multiple,10,3/12/2007
15628,470163,6963240,Ladonna,Cox,Female,Multiple,12,2/19/2005
15628,764541,9751289,William,Johnson,Male,Black,9,1/8/2008
15628,660262,9668141,George,Watkins,Male,Hispanic,8,6/6/2009
15628,797005,7597279,Robert,Mann,Female,Hispanic,12,6/11/2005
15628,259526,2442235,Margie,Mcmillan,Female,Multiple,12,9/11/2004
15628,382700,9091869,Reginald,Frank,Male,Black,12,9/11/2005
15628,131353,2839276,Donald,Cox,Male,White,9,4/16/2008
15628,995380,1082508,Phillip,Roberts,Male,Black,12,1/12/2005
15628,250071,2130941,Jason,Knight,Male,Multiple,8,1/18/2009
15628,985635,8333906,Dorothy,Taylor,Female,Asian,12,1/21/2005
15628,372210,9535257,Julia,Nava,Female,Multiple,9,7/6/2007
15628,235711,2529969,Santos,Hinton,Male,Hispanic,9,10/4/2008
15628,922241,6280821,Anthony,Gray,Male,Black,12,3/27/2005
15628,195941,5157815,Joseph,Williams,Male,White,10,10/6/2007
15628,247708,9208557,Robert,Daniel,Male,Hispanic,10,6/23/2007
15628,547457,2303556,Anna,Cooper,Female,Hispanic,12,2/14/2004
15628,297258,9731586,David,Hill,Male,Multiple,10,5/7/2007
15628,362127,2698830,Anna,Brown,Female,Black,11,5/4/2005
15628,248242,6271601,Charles,Martin,Male,Hispanic,11,4/26/2005
15628,135644,2731844,Manuel,Love,Male,Black,9,3/27/2008
15628,914391,9415478,Anna,Mendoza,Female,Asian,11,10/27/2006
15628,725741,5778837,Shelly,Harris,Female,Asian,10,5/12/2007
15628,668943,2948103,Dominic,Torres,Male,Asian,12,10/14/2005
15628,759298,2839051,Yvette,Day,Female,Hispanic,9,6/12/2008
15628,175880,3497219,James,Baker,Male,Black,10,2/14/2007
15628,868056,1822801,Albert,Ford,Male,Asian,8,5/7/2009
15628,485731,8943485,Leon,Smith,Male,Multiple,10,11/1/2007
15628,862326,7818248,Bertha,Young,Female,Hispanic,8,1/23/2009
15628,805049,6718573,Patricia,Cruz,Female,Asian,12,2/20/2005
15628,172566,4401800,Rickey,Melendez,Male,Asian,12,7/2/2006
15628,579585,6095322,Timothy,Hoover,Male,White,10,11/14/2007
15628,280154,1990708,Marcelino,Lam,Male,Asian,10,1/19/2007
15628,862174,2035032,Michael,Nguyen,Male,Hispanic,9,2/19/2008
15628,703954,3773304,Ahmad,Macias,Male,Asian,8,1/27/2008
15628,842223,4077482,William,Salazar,Male,Black,8,7/23/2009
15628,939299,2370153,Boyd,Blanchard,Male,Asian,8,6/6/2009
15628,868290,6159985,Steve,Davila,Male,Asian,12,5/22/2005
15628,801744,6599148,John,Ponce,Male,Hispanic,10,3/28/2006
15628,167568,3944168,Juan,Golden,Male,Asian,8,2/24/2009
15628,974263,8426021,Stephen,Wiley,Male,Asian,8,1/1/2008
15628,384780,8661074,Janice,Mcclure,Female,White,8,7/14/2009
15628,399396,3894128,Rosie,Miranda,Female,Multiple,8,1/21/2009
15628,983690,8359169,Loretta,Kirby,Female,Asian,9,4/24/2008
15628,362624,3889047,John,Ponce,Male,Black,9,3/28/2008
15628,627941,1675370,Abraham,Pierce,Male,Black,9,2/25/2008
15628,107990,1944218,Alexis,Ingram,Female,Hispanic,9,1/23/2009
15628,172563,2648275,Melanie,Robertson,Female,Hispanic,12,12/7/2005
15628,598567,7441410,Cedric,Ramos,Male,Hispanic,9,9/24/2008
15628,535361,9923365,Mary,Cunningham,Female,Asian,9,1/6/2008
15628,270984,2436884,Jose,Smith,Male,Multiple,9,4/23/2009
15628,667023,5940567,Diane,Hahn,Female,Asian,10,3/10/2006
15628,391679,7194456,Patricia,Benson,Female,Asian,8,5/16/2009
15628,347199,2057902,Stevie,Porter,Male,Asian,9,2/14/2008
15628,774681,1180393,Clifton,Williams,Male,Black,12,2/4/2005
15628,141843,3561793,Marjorie,Berger,Female,White,11,10/25/2006
15628,957339,7726364,Myrna,Davila,Female,Black,9,3/3/2009
15628,781354,3366722,Erica,Greene,Female,Black,12,4/9/2005
15628,890049,8062332,Eric,Perry,Male,White,8,2/7/2009
15628,980808,4361084,Laura,Rhodes,Female,Hispanic,9,10/14/2008
15628,685460,8713496,Susan,Rose,Female,Asian,12,9/10/2005
15628,163460,1931441,Bryan,Savage,Male,Hispanic,9,5/18/2009
15628,501362,3072666,Ann,Navarro,Female,Asian,10,6/2/2006
15628,280940,1794192,Tyrone,Snow,Male,Hispanic,11,1/1/2006
15628,287998,5254330,Jay,Brooks,Male,Black,8,2/15/2008
15628,479513,4537965,Peter,Pena,Male,Asian,8,2/26/2009
15628,539363,1294278,Daisy,Cochran,Female,Asian,12,11/6/2006
15628,126236,1672657,Edmond,Castro,Male,Black,11,5/3/2006
15628,890229,3820206,Eddie,Clark,Male,Asian,10,12/25/2006
15628,577833,8328414,Jennifer,Harper,Female,Black,9,12/11/2008
15628,185206,4775810,Dawn,Gonzalez,Female,White,10,4/14/2007
15628,842548,4084274,Joy,Ryan,Female,Black,12,6/2/2005
15628,733324,3789708,Jason,Rodriguez,Male,Hispanic,9,10/10/2008
15628,405121,8862986,Mildred,Ahmed,Female,Asian,9,11/19/2008
15628,311142,8229188,Robert,Elliott,Male,Black,9,11/23/2008
15628,498591,1425586,Jimmy,Harris,Male,Hispanic,9,4/16/2008
15628,447498,4361678,Ivan,Williams,Male,Asian,11,10/21/2005
15628,586440,8172062,Michael,Thompson,Male,Hispanic,12,9/25/2005
15628,856953,3714947,Anna,Wilson,Female,White,11,3/1/2006
15628,963776,8136437,Jenny,Chavez,Female,Black,10,11/23/2007
15628,185331,9391377,Martha,Villegas,Female,Hispanic,8,8/13/2008
15628,530953,1902144,John,Riley,Male,White,11,8/15/2006
15628,123237,7802547,Samuel,Ruiz,Male,Hispanic,12,1/26/2005
15628,819973,8919905,Sherry,Xiong,Female,White,12,2/8/2005
15628,500546,7321341,Robert,Drake,Male,Hispanic,10,9/25/2007
15628,217431,5893686,Joe,Galindo,Male,Asian,10,7/1/2007
15628,637991,2893297,Richard,Gomez,Male,White,8,11/9/2010
15628,201124,9695962,Kristen,Jones,Female,Multiple,12,4/15/2005
15628,101590,3085641,Ellen,Sosa,Female,Black,9,8/5/2008
15628,264780,3821649,Timothy,Munoz,Male,Black,12,2/13/2005
15628,604673,3222039,Kristine,Butler,Female,Asian,8,10/12/2009
15628,655486,1283598,Karl,Vasquez,Male,Asian,12,7/13/2004
15628,748197,9330234,Debbie,Morgan,Female,Asian,9,10/25/2008
15628,574900,4957935,Dean,Aguilar,Male,White,9,10/19/2008
15628,974360,9345556,Mary,Moore,Female,Hispanic,10,2/19/2007
15628,942159,2921054,Mario,Tate,Male,Black,8,1/25/2008
15628,649677,4547382,Cindy,Stanley,Female,Asian,10,2/12/2007
15628,632168,9683027,Carl,Yang,Male,White,9,2/20/2007
15628,909728,4296070,Rebecca,Porter,Female,Hispanic,12,7/1/2005
15628,243585,6834521,Eleanor,Harris,Female,Hispanic,10,10/20/2007
15628,172597,7886977,Melissa,Cruz,Female,Multiple,9,6/10/2008
15628,206736,2795712,Paula,Wilson,Female,Hispanic,8,12/1/2009
15628,587180,7355381,Shirley,Douglas,Female,White,10,3/23/2007
15628,639447,2523296,Stacey,Johnson,Female,Asian,9,4/22/2008
15628,412460,9403420,Joel,Robertson,Male,White,9,7/20/2008
15628,841364,6042644,Sherry,Peterson,Female,Asian,8,4/15/2009
15628,602899,6214746,Robert,Williams,Male,Black,12,5/26/2005
15628,185978,9184880,Norman,Vincent,Male,Asian,8,10/12/2009
15628,498572,4601813,William,Doyle,Male,Hispanic,12,7/24/2005
15628,182978,5449896,James,Watson,Male,Black,12,6/1/2005
15628,777855,6265781,June,Thomas,Female,Black,9,10/3/2008
15628,653744,1576945,Irving,Stephens,Male,Hispanic,12,1/19/2005
15628,104868,1502862,Joseph,Thompson,Male,White,11,4/6/2007
15628,121363,9388240,Timothy,Bartlett,Male,Asian,8,9/9/2009
15628,244513,8223254,Donna,Herrera,Female,Asian,8,12/10/2008
15628,273063,6487136,Dennis,Delgado,Male,White,10,1/23/2007
15628,124646,7204040,Justin,Roberts,Male,White,11,4/19/2005
15628,632384,2342573,Virginia,Wagner,Female,Multiple,8,12/11/2010
15628,119460,1845378,Crystal,Skinner,Female,Asian,11,2/6/2006
15628,335218,8568695,Gordon,Young,Male,Black,9,4/28/2007
15628,229851,6261609,Vincent,Patrick,Male,Hispanic,8,5/4/2009
15628,407808,3225363,Brittney,Miller,Female,Hispanic,10,3/4/2007
15628,121620,6252007,Bryan,Alvarez,Male,Asian,11,2/10/2006
15628,563307,9964465,Rebecca,Morris,Female,Hispanic,12,6/27/2005
15628,578231,5341298,Phil,Norton,Male,Asian,12,11/23/2004
15628,126043,7887543,Martha,Myers,Female,Multiple,10,10/26/2007
15628,543462,9871495,William,Martinez,Male,Multiple,11,3/3/2006
15628,236585,5045483,Becky,Sanders,Female,Black,10,3/2/2007
15628,711654,1731672,Deborah,Thompson,Female,White,8,12/10/2008
15628,502820,9121191,Blanche,Powers,Female,White,8,3/28/2009
15628,810464,1294743,Deborah,Roberts,Female,Asian,9,6/6/2008
15628,342516,2579662,Michael,Rodriguez,Male,Asian,10,1/10/2006
15628,710684,5207573,Mary,Spears,Female,Black,10,2/25/2007
15628,701187,6801808,Georgia,Moody,Female,White,12,4/5/2005
15628,830710,1069749,Philip,Wiggins,Male,Hispanic,11,8/10/2005
15628,184042,1629708,Bonnie,Reid,Female,Black,9,6/5/2007
15628,141630,4240979,David,Jackson,Male,White,11,8/21/2005
15628,610102,4594966,Herman,Glover,Male,Asian,9,9/1/2008
15628,596170,4424751,Ollie,Smith,Female,Asian,12,9/3/2005
15628,362556,6100201,Lily,Thomas,Female,Asian,8,6/25/2009
15628,207443,3914021,Gregory,Preston,Male,Asian,9,12/1/2008
15628,745546,8448361,Pamela,Hickman,Female,Black,8,7/18/2008
15628,852109,7960209,Nathan,Mccarty,Male,Black,10,5/22/2008
15628,842255,6012113,Sandra,Wilson,Female,Asian,9,12/28/2007
15628,628224,8996802,Gerald,Escobar,Male,Asian,12,7/2/2005
15628,249423,2338261,Eunice,Melton,Female,Multiple,12,4/14/2005
15628,250216,7125063,Daniel,Dalton,Male,Multiple,9,4/11/2008
15628,607868,2729226,Margie,Henderson,Female,Asian,12,1/16/2004
15628,264973,9567700,David,Vargas,Male,White,9,4/6/2007
15628,819802,9507521,Carol,Wilson,Female,Hispanic,9,3/21/2008
15628,171614,1152802,Kenneth,Sutton,Male,Multiple,9,6/7/2008
15628,945189,4641868,Brenda,Franklin,Female,White,10,5/18/2007
15628,105237,5296925,Steven,Flores,Male,Black,11,11/21/2006
15628,307514,4704315,Jennifer,Perry,Female,Multiple,12,10/22/2005
15628,574622,1767279,James,Williams,Male,White,9,1/16/2008
15628,114989,3473989,Kelly,Rodriguez,Female,Multiple,9,7/14/2008
15628,650478,5169007,Mary,Duran,Female,Black,12,5/6/2006
15628,917914,3813386,Stella,Crawford,Female,White,10,7/19/2007
15628,196611,4930242,Dorothy,Alvarado,Female,Asian,12,6/8/2004
15628,767704,4574964,Victor,Lee,Male,Asian,12,11/6/2005
15628,470306,8476133,James,Weiss,Male,Asian,9,5/24/2008
15628,695273,6493714,Dianna,Crawford,Female,Black,11,4/24/2006
15628,928240,7038161,Debbie,Leach,Female,White,12,12/23/2005
15628,234480,5806151,Darnell,Riley,Male,Multiple,11,7/12/2006
15628,211147,9859584,Lisa,Yates,Female,Black,11,9/12/2006
15628,146246,1504227,Alfred,Nelson,Male,Multiple,11,5/2/2006
15628,561701,1062097,Linda,Taylor,Female,White,10,4/26/2007
15628,427881,8077868,George,Sierra,Male,Hispanic,10,5/18/2006
15628,881396,5661289,Bertha,Curtis,Female,Multiple,12,12/6/2005
15628,234055,5373709,Shannon,Thompson,Female,Black,10,11/5/2007
15628,823418,1378514,Richard,Mullins,Male,White,10,12/15/2007
15628,825059,8383511,Christina,Pittman,Female,Hispanic,12,12/25/2005
15628,753936,4352260,Robert,Lozano,Female,Asian,9,3/4/2008
15628,821833,5218043,William,Porter,Male,Black,11,8/23/2005
15628,588065,7931036,Marie,Barry,Female,Multiple,11,6/11/2006
15628,663215,1466073,Diana,Brooks,Female,Multiple,10,2/10/2008
15628,843878,9335018,Lydia,Mckee,Female,Multiple,11,8/6/2007
15628,857922,6926859,Carlton,Johnson,Male,Hispanic,12,9/26/2005
15628,277026,2043879,Erica,Richmond,Female,Multiple,9,7/25/2008
15628,448528,5969304,Mary,Howell,Male,Hispanic,8,3/11/2009
15628,372233,3220900,John,Lee,Male,Hispanic,10,12/7/2007
15628,264185,1332969,Leah,Giles,Female,Black,12,10/9/2005
15628,434158,4655468,Barbara,Yates,Female,Black,12,7/10/2005
15628,776188,1481206,Diane,Walter,Female,White,12,12/14/2006
15628,708301,9415642,Victoria,Larson,Female,Asian,9,5/22/2008
15628,835108,4321701,Charles,Strickland,Male,Black,12,10/10/2004
15628,430364,1401699,John,Zuniga,Male,Black,10,2/3/2008
15628,664177,3661655,Allison,Morales,Female,Black,12,5/14/2005
15628,946949,9692621,Guadalupe,Schneider,Female,Multiple,9,2/11/2008
15628,903371,1199923,Ramon,Camacho,Male,Black,11,2/7/2005
15628,707710,8152882,Dorothy,Vang,Female,Black,12,2/21/2004
15628,157098,2727209,Elsie,Hull,Female,Asian,8,10/2/2009
15628,792954,6882627,Deborah,Lee,Female,Asian,11,9/20/2006
15628,367017,8860065,Ernest,Yang,Male,White,9,7/27/2008
15628,216849,2957569,Fred,Contreras,Male,Black,9,4/3/2008
15628,127541,9247536,Patrick,Cox,Male,Multiple,8,7/1/2008
15631,830898,9737321,Julia,Rogers,Female,White,9,9/9/2008
15631,525845,7424116,Christopher,Alvarado,Male,Asian,9,11/1/2008
15631,644654,9570115,Christina,Foster,Female,Black,8,12/2/2008
15631,543360,9198149,Christopher,Morales,Male,Hispanic,10,8/26/2007
15631,773840,4618162,John,Sampson,Male,Hispanic,11,8/3/2006
15631,369718,9389076,Glen,Cox,Male,Asian,9,1/1/2008
15631,953994,3521570,Doris,Gonzalez,Female,Asian,11,10/2/2007
15631,544895,1775648,Susan,Martinez,Female,Multiple,11,9/27/2005
15631,730310,6157997,Alan,Lopez,Male,Multiple,12,4/15/2004
15631,428353,9732725,Lillian,Kelly,Female,Hispanic,10,7/18/2007
15631,755793,9170198,Clarence,Simmons,Male,Multiple,8,8/5/2009
15631,460308,7217561,Connie,Griffith,Female,Multiple,10,1/16/2007
15631,799719,9226590,Larry,Mendoza,Male,Multiple,10,2/1/2006
15631,741276,7969980,Mildred,Clark,Female,White,12,2/8/2005
15631,812047,9830769,Craig,Curtis,Male,Black,8,5/23/2009
15631,965734,7046391,Marie,Hampton,Female,Asian,11,11/24/2006
15631,595757,8980787,Deborah,Davis,Female,Black,8,7/9/2009
15631,497355,1721212,Elizabeth,Smith,Female,Multiple,10,11/15/2007
15631,405965,7646038,Patricia,Vance,Female,Black,10,9/6/2006
15631,857603,1178954,Joy,Benson,Female,White,8,12/28/2009
15631,762806,9752191,Jeannine,Wells,Female,Black,8,3/14/2009
15631,311072,5705276,George,Camacho,Male,Hispanic,10,2/24/2007
15631,470457,3543848,Robert,Hunter,Female,White,9,11/12/2007
15631,469097,7789215,Jerome,Smith,Male,White,11,3/6/2006
15631,263438,4872759,Leonard,Chan,Male,Hispanic,9,2/15/2008
15631,608603,5308444,Valerie,Sims,Female,Hispanic,8,11/4/2009
15631,120722,9837619,Nicole,Hall,Female,Black,8,11/25/2008
15631,462282,2570154,Effie,May,Female,White,12,7/1/2004
15631,758396,4480974,Kim,Atkins,Female,Hispanic,10,12/10/2007
15631,493341,3760745,Frances,Clark,Male,Black,12,8/5/2005
15631,201079,5404546,Harry,Bryant,Male,Asian,11,10/22/2006
15631,323331,5535078,Antonio,Moon,Male,Black,8,12/18/2010
15631,412940,6986701,Vernon,Bean,Male,Black,10,5/13/2007
15631,153410,3045140,Linda,Jones,Female,Black,8,3/12/2009
15631,411857,7929569,Betty,Reyes,Female,Black,8,7/3/2009
15631,784392,5907713,Maria,Woods,Female,Asian,10,10/19/2008
15631,344006,2528216,Raymond,Boone,Male,Asian,12,9/23/2005
15631,695248,7189136,Mary,Rivera,Male,Asian,11,7/20/2006
15631,341033,2576273,Kenneth,Compton,Male,Hispanic,10,5/19/2008
15631,223199,2479609,Bobby,Vasquez,Male,Asian,9,5/17/2008
15631,366522,2850627,Homer,Gordon,Male,Multiple,9,4/26/2008
15631,650944,1219551,Julie,Hahn,Female,White,12,7/17/2004
15631,725206,4485895,Sharon,Blackwell,Female,Hispanic,12,1/28/2005
15631,501182,4319142,Debra,Smith,Female,Hispanic,8,7/22/2009
15631,953638,5801088,John,Anderson,Female,Hispanic,12,12/8/2005
15631,265398,7225819,Barry,Lopez,Male,White,8,12/9/2009
15631,151612,4259030,David,Coleman,Male,Black,8,6/8/2008
15631,468508,6152309,Michael,Smith,Female,Multiple,8,10/2/2010
15631,239802,6166311,Thomas,Green,Male,Black,11,8/25/2006
15631,794433,1889729,Cleo,Reed,Male,Multiple,9,11/1/2007
15631,206322,7858723,Sandra,Wang,Female,Hispanic,8,11/11/2009
15631,847434,4621259,Denise,Scott,Female,Multiple,11,2/6/2006
15631,698111,8674358,Charles,Haynes,Male,Hispanic,8,3/5/2009
15631,130659,9770541,Irene,Diaz,Female,Black,11,5/2/2006
15631,705473,8487929,Charlene,Morris,Female,White,11,12/15/2006
15631,752450,6583529,Harold,Cox,Male,Multiple,12,7/4/2005
15631,678605,3399155,Frances,Morton,Male,Asian,11,8/9/2006
15631,774055,1789646,Karen,Rodriguez,Female,Asian,12,8/24/2006
15631,354255,1496824,Mark,Young,Male,Hispanic,9,10/11/2008
15631,905395,2454439,Carolyn,Sherman,Female,Asian,11,2/14/2006
15631,879357,8628913,Pauline,Lucas,Female,Asian,12,3/26/2005
15631,985432,2183690,Verna,Warren,Female,Hispanic,9,8/10/2008
15631,618435,3813635,Karen,Moore,Female,Black,8,1/27/2010
15631,497500,4263994,Daniel,Walker,Male,White,9,2/27/2008
15631,612339,1289453,Josephine,Adams,Female,Hispanic,9,1/24/2008
15631,432686,6470699,James,Reyes,Female,White,9,7/24/2008
15631,577933,4875867,John,Brown,Female,Multiple,10,10/28/2006
15631,531358,4863470,Bertha,Richardson,Female,Multiple,10,5/6/2007
15631,569544,6533260,Carol,Norris,Male,Hispanic,10,12/2/2007
15631,529140,3841242,Hollis,Tran,Male,Black,12,11/6/2005
15631,265880,5755341,Stephanie,Gordon,Female,Asian,12,8/9/2005
15631,611400,5436167,Reuben,Hall,Male,Black,12,6/8/2005
15631,145609,8477008,Louis,Harrison,Male,Multiple,8,3/4/2009
15631,610100,9126927,Winston,Gray,Male,Multiple,11,12/28/2005
15631,117394,5637198,Curt,Young,Male,Black,12,7/19/2004
15631,151977,3795446,Mary,Perez,Female,White,11,2/23/2006
15631,261270,8098688,Jeffrey,Johnson,Male,White,12,5/26/2005
15631,415686,7801700,Nathan,Cantu,Male,Black,9,11/13/2007
15631,252083,9275396,Jenna,Cox,Female,White,9,9/18/2009
15631,150382,3325404,Emilio,Long,Male,Hispanic,12,11/7/2004
15631,992946,5462242,Rebecca,Marks,Female,Multiple,9,2/26/2008
15631,803681,5980790,Terri,Nguyen,Female,Black,10,1/8/2007
15631,815639,5942237,Rodolfo,Dunn,Male,Hispanic,12,11/20/2005
15631,944548,7414413,Roger,Austin,Male,Asian,12,8/6/2004
15631,774711,9399847,Alicia,Delgado,Female,Multiple,11,12/21/2006
15631,596819,4007669,Shelby,Murphy,Female,Black,8,8/18/2010
15631,701536,4790001,Theodore,Rivera,Male,Black,12,7/23/2005
15631,607925,3444501,Gregory,Wheeler,Male,Asian,8,12/11/2009
15631,881447,7999019,Gertrude,Ruiz,Female,Hispanic,9,6/1/2008
15631,751754,9742206,Carmela,Colon,Female,White,9,8/17/2008
15631,648486,6698244,Dora,Johnson,Female,Black,11,3/1/2006
15631,622767,9227861,Gabriel,White,Male,Black,10,11/6/2007
15631,957422,9760657,Donna,Garcia,Female,Black,9,9/11/2008
15631,500531,7541337,Dorothy,Leonard,Female,Black,8,9/24/2009
15631,309094,8275918,Kimberly,White,Female,Asian,12,7/19/2005
15631,774114,5825668,Joyce,Carroll,Female,Hispanic,8,1/14/2009
15631,910454,8207160,Gladys,Hess,Female,Multiple,10,9/26/2006
15631,600407,8156838,Juan,Whitehead,Male,Asian,11,1/25/2006
15631,197598,5665564,Lindsay,Wright,Female,Asian,10,1/14/2006
15631,260994,2784695,James,Olson,Male,Multiple,10,6/5/2008
15631,784375,5610359,John,Nguyen,Male,Black,9,9/21/2007
15631,901953,6044879,Hilda,Hopkins,Female,Multiple,9,3/22/2008
15631,944971,6202264,Chad,Gordon,Male,White,10,9/27/2007
15631,620703,8097591,Ann,Owen,Female,White,8,11/4/2009
15631,992208,1167870,Jesse,Sanchez,Male,Multiple,9,1/11/2009
15631,227279,5137769,Mary,Guzman,Female,Black,10,9/22/2008
15631,610258,4779676,Michael,Flores,Male,Asian,11,6/1/2006
15631,514140,3232246,Michael,Gonzales,Male,Asian,12,5/19/2006
15631,628920,7035052,Anthony,Burton,Male,Asian,8,5/12/2009
15631,986633,4761953,Jane,Garcia,Female,White,12,9/14/2005
15631,333686,9132897,Cindy,Parks,Female,Black,10,5/5/2007
15631,806519,8645575,Andrew,Callahan,Male,Multiple,10,9/15/2008
15631,459496,1810754,Susan,Bauer,Female,Black,12,9/26/2004
15631,783299,3281027,Mary,Brown,Female,Multiple,10,10/13/2007
15631,525531,5999829,Melba,Barnes,Female,Multiple,11,3/17/2006
15631,255377,3972399,Jane,Burnett,Female,Black,12,2/6/2005
15631,387581,1214375,Jody,Osborne,Female,Asian,12,2/10/2005
15631,413155,9316629,Janet,Garrison,Female,Black,10,6/6/2008
15631,213705,5211161,Jason,Tran,Male,Black,11,2/6/2006
15631,476330,7483458,Virginia,Jones,Female,White,11,10/19/2006
15631,672659,9189633,Arnold,Rios,Male,Black,9,10/11/2008
15631,610039,5027434,Ramon,Fisher,Male,Asian,9,6/6/2007
15631,948640,2943494,Milton,Williams,Male,Hispanic,8,1/10/2010
15631,486578,4004770,Sonia,Daniels,Female,Hispanic,11,9/4/2007
15631,273120,5063695,Jeremy,Brown,Male,Hispanic,12,3/13/2006
15631,802792,1730947,Richard,Salinas,Male,Hispanic,11,1/7/2006
15631,359500,3041655,Deborah,Taylor,Female,White,12,10/22/2005
15631,773804,6634300,Jessie,Rhodes,Female,Multiple,10,1/11/2007
15631,853857,5289064,Pamela,Green,Female,Hispanic,9,9/18/2007
15631,386417,2808854,Dora,Flores,Female,Asian,10,1/17/2006
15631,750173,6769687,Juan,Lawson,Male,Hispanic,10,5/26/2007
15631,729636,6269105,Roger,Peters,Male,Multiple,12,10/27/2005
15631,423042,2263910,Julie,Green,Female,Multiple,11,9/24/2006
15631,639453,9048243,Mary,Sandoval,Male,White,12,9/26/2005
15631,754781,9312330,Donald,Ho,Male,Hispanic,9,1/25/2008
15631,276850,5728530,Carolyn,Hughes,Female,Black,10,10/2/2007
15631,117706,2501392,Jerry,Matthews,Male,White,8,1/10/2009
15631,180978,7377355,Kevin,Gordon,Male,Black,10,7/2/2007
15631,689998,4534421,Mary,Myers,Male,Asian,11,1/10/2005
15631,490539,2682599,Tara,Garcia,Female,Multiple,10,4/28/2007
15631,276273,7841991,Alfred,Gordon,Male,Black,11,6/12/2006
15631,714106,1350362,Audra,Munoz,Female,White,11,2/2/2006
15631,326228,7653259,Xavier,Estes,Male,Black,12,11/3/2005
15631,753003,7515475,Cheryl,Nichols,Female,Hispanic,10,3/2/2007
15631,547886,6740069,Sue,White,Female,Asian,10,6/28/2007
15631,216560,5965834,Michael,Lambert,Male,Hispanic,8,12/16/2009
15631,615449,7520300,Joseph,Carter,Male,Black,10,7/18/2007
15631,584591,1016501,Karl,Smith,Male,Black,10,8/11/2008
15631,157265,2025430,Vanessa,Smith,Female,Multiple,9,11/1/2007
15631,663016,4322636,Chris,Church,Female,Black,12,4/10/2005
15631,394544,3403042,Walter,Nguyen,Male,White,9,1/22/2008
15631,126647,5849360,James,Hess,Male,Black,9,9/10/2008
15631,154456,6096089,Angela,Sims,Female,Hispanic,12,3/21/2005
15631,805148,3230886,William,Miller,Male,Black,9,12/20/2008
15631,888234,7790352,William,Clark,Male,Multiple,12,2/9/2006
15631,896170,3434522,Charles,Hernandez,Male,Black,8,1/21/2008
15631,271867,9687429,Gregorio,Lopez,Male,Asian,9,8/10/2007
15631,525482,3501792,Michelle,Day,Female,Hispanic,10,9/23/2007
15631,965065,9302916,Jimmy,Alexander,Male,White,10,7/5/2007
15631,701169,5766961,Eugenio,Wolfe,Male,Hispanic,10,11/4/2007
15631,777559,9809673,Magdalena,Gray,Female,Asian,10,9/28/2007
15631,118738,4084632,Paul,Pearson,Male,Multiple,9,3/3/2008
15631,496723,6165760,Patricia,Velasquez,Female,White,10,9/20/2007
15631,846091,7222160,Evelyn,Smith,Female,White,12,11/25/2005
15631,761520,8320394,Kenneth,Baldwin,Male,Multiple,11,10/20/2005
15631,365972,2289461,Christina,Yang,Female,White,11,8/26/2005
15631,226312,6623825,Harry,Esparza,Male,Black,11,8/25/2007
15631,406621,6587362,Herman,Owens,Male,White,9,9/3/2007
15631,201130,8310079,Rosetta,Flowers,Female,Hispanic,12,2/11/2005
15631,935905,4240740,Lorraine,Warner,Female,Asian,9,6/15/2008
15631,454333,2704193,Aubrey,Sampson,Male,Black,8,2/12/2009
15631,952611,1645491,Jamie,Tucker,Male,White,10,4/13/2006
15631,462561,6361331,Odessa,Brown,Female,Black,8,1/24/2009
15631,365779,2473455,Marshall,Holt,Male,Hispanic,11,2/27/2006
15631,976049,8128421,Carolyn,Sanchez,Female,Hispanic,11,11/16/2006
15631,699773,3581602,Sharon,Davidson,Female,Black,9,10/20/2008
15631,260701,7841503,Ashley,Archer,Male,Asian,10,7/19/2007
15631,420353,2655498,Ronald,Griffith,Male,Hispanic,12,5/4/2005
15631,478894,7915902,Douglas,Davis,Male,Asian,9,6/22/2008
15631,833795,8609892,Cynthia,Nava,Female,Hispanic,10,2/21/2007
15631,438912,6380212,Richard,Williams,Male,Multiple,10,2/19/2007
15631,971475,8471269,George,White,Male,Black,9,4/3/2008
15631,301999,8089479,John,Myers,Female,Multiple,8,3/20/2010
15631,616152,8648156,John,Cox,Female,Black,9,5/15/2008
15631,514176,1482702,Christopher,Carey,Male,Asian,9,4/25/2008
15631,929283,4563425,Frances,Clark,Male,Multiple,9,11/26/2009
15631,130009,2962057,Virginia,Walker,Female,Hispanic,8,9/11/2009
15631,184612,7024947,Sherry,Duncan,Female,Black,9,2/17/2007
15631,462147,7477170,Jonathon,Zamora,Male,Black,9,10/5/2008
15631,165274,3915817,Michael,Wood,Female,White,9,10/7/2007
15631,664406,2565039,Shelley,Weaver,Female,Hispanic,11,4/24/2005
15631,889203,1572899,Dominic,Johnson,Male,Asian,10,12/26/2008
15631,693524,8555686,Heather,Foster,Female,White,9,1/4/2008
15631,577146,6542445,Frieda,Calderon,Female,Asian,9,5/20/2008
15631,357485,9005341,Claudia,Miller,Female,Black,12,4/1/2005
15631,368319,8821740,Mike,Buchanan,Male,Multiple,11,1/6/2005
15631,609250,4560624,James,Johnson,Male,Hispanic,11,4/2/2005
15631,806693,4385631,Carl,Sanchez,Male,Hispanic,12,3/5/2005
15631,118076,4916086,Charlene,Taylor,Female,White,11,2/21/2006
15631,302429,1513458,Oliver,Gordon,Male,Black,12,1/20/2004
15631,895211,3601301,John,Kelley,Male,Hispanic,9,11/7/2008
15631,754794,3492583,Errol,Juarez,Male,White,9,5/19/2008
15631,966736,2178666,Ramon,Gutierrez,Male,White,12,7/16/2006
15631,377050,6756462,Olive,Vazquez,Female,Hispanic,10,2/2/2007
15631,423946,8037659,Jerry,Todd,Male,Multiple,9,7/27/2008
15631,104420,9035410,Marilyn,Daniel,Female,Asian,11,5/15/2006
15631,787478,2131355,James,Baldwin,Male,Asian,10,9/4/2007
15631,634736,7669579,Yolanda,Wheeler,Female,Asian,8,2/7/2010
15631,951616,1045811,Robert,Edwards,Male,Black,11,2/22/2006
15631,223123,1175737,Lauren,Stewart,Female,Asian,8,5/22/2009
15631,430750,5267359,Leroy,Duncan,Male,Asian,9,3/20/2008
15631,696248,4936827,Michael,King,Male,White,11,8/18/2005
15631,869478,9838687,Arnold,Hicks,Male,Black,10,3/19/2007
15631,659024,6683755,Herbert,Newton,Male,White,10,5/3/2007
15631,366780,6004011,Anthony,Goodman,Male,Black,11,2/5/2006
15631,510557,8928068,Jorge,Castro,Male,White,11,5/13/2005
15631,720822,5987251,Walter,Heath,Male,Asian,12,3/15/2005
15631,986942,5799298,Julie,Long,Female,Hispanic,9,6/24/2007
15631,889924,5839010,Sharon,Wolfe,Female,Asian,8,8/9/2009
15631,809850,8324944,Jerry,Carrillo,Female,Black,10,8/10/2007
15631,615078,1407116,Stephen,Jensen,Male,Multiple,9,10/23/2009
15631,697343,1548961,John,Carroll,Male,Black,12,9/19/2005
15631,609223,7213890,Martin,Jones,Male,Hispanic,10,4/17/2006
15631,672400,9377460,Marlin,Peterson,Male,Asian,8,9/4/2008
15631,242832,4858670,Ricardo,Ross,Male,Multiple,8,5/27/2009
15631,116121,6927296,Laura,Ryan,Female,Asian,10,2/17/2007
15631,709362,5976718,Tim,Welch,Male,White,9,6/23/2008
15631,400296,1592518,Walter,Parker,Male,Black,11,10/19/2006
15631,419049,8299832,Patricia,Taylor,Female,Asian,11,3/6/2006
15631,196309,3158769,Stacy,Martinez,Female,Hispanic,10,8/18/2008
15631,857962,8111188,John,Sanchez,Male,Asian,9,12/13/2008
15631,258626,9386835,Jerry,Baker,Male,Multiple,9,5/4/2009
15631,543388,5560507,William,Carpenter,Male,Multiple,10,11/28/2007
15631,766057,2720545,John,Huber,Male,Multiple,10,4/14/2006
15631,429195,2876013,Grace,Pierce,Female,Asian,10,11/19/2007
15631,340426,4181337,Justin,Wade,Male,Black,9,1/27/2007
15631,168191,1712477,Michele,Morrison,Female,White,8,12/1/2009
15631,117631,8537291,Pauline,Yang,Female,Multiple,8,1/23/2010
15631,881740,7949064,Warren,Conrad,Male,Multiple,10,7/7/2007
15631,115463,5931249,Allan,Castro,Male,Multiple,10,12/6/2006
15631,957324,8486087,Opal,Ahmed,Female,Asian,9,7/5/2008
15631,456074,5628465,Richard,Smith,Male,Multiple,11,8/2/2006
15631,354739,3723053,Willie,Robinson,Female,Hispanic,12,4/4/2005
15631,963248,8087139,Kendall,Hill,Male,Hispanic,10,11/16/2008
15631,474757,8440453,Scott,Bradshaw,Male,Multiple,8,1/8/2009
15631,616972,9540045,Nicholas,Butler,Male,Multiple,9,10/11/2008
15631,230514,3547175,William,Donovan,Male,White,12,3/14/2004
15631,325611,5930893,Christopher,Smith,Male,Hispanic,10,3/17/2007
15631,378661,8679372,William,Ashley,Male,Hispanic,10,4/23/2007
15631,973473,1124772,Mary,Johnson,Female,Asian,10,8/21/2007
15631,923849,2037704,Odell,Armstrong,Male,Asian,8,8/25/2009
15631,492538,7606906,Edna,Wood,Female,Multiple,11,4/16/2006
15631,712411,5140303,Shane,Wheeler,Male,Asian,9,1/4/2009
15631,379672,6729625,Marc,Wilson,Male,Black,11,11/16/2006
15631,834190,6046522,Roy,Rodriguez,Male,White,9,7/25/2008
15631,463245,3719903,Matthew,Giles,Male,Asian,9,6/13/2008
15631,102398,2851286,Shirley,Vargas,Female,Multiple,9,1/18/2009
15631,405044,5606293,Andrea,Keller,Female,Multiple,11,11/9/2005
15631,868484,2444387,Grace,Solomon,Female,Hispanic,12,6/21/2005
15631,211961,9971280,Claude,Oconnor,Male,White,9,4/13/2008
15631,849426,2104231,Robert,Sanchez,Female,Asian,12,7/16/2005
15631,174693,9049225,Letitia,Martinez,Female,Black,12,7/22/2005
15631,253547,2038842,Nancy,Sanchez,Female,White,8,5/12/2009
15631,404952,9963657,Eric,Williams,Male,Hispanic,8,8/8/2008
15631,275673,1192594,Virginia,Meyer,Female,Multiple,11,9/15/2006
15631,875978,5500810,Corey,Richardson,Male,Multiple,8,12/27/2008
15631,902950,5125235,Diane,Adams,Female,Asian,12,2/4/2005
15631,891804,6144569,Robert,Pearson,Male,Asian,12,11/25/2005
15631,152489,2162909,Damion,Eaton,Male,Multiple,9,3/24/2008
15631,495134,4368313,Ola,Kim,Female,Hispanic,10,6/8/2008
15631,363739,3044998,Dave,Morgan,Male,Hispanic,8,6/9/2009
15631,864475,4771543,Kimberly,Warner,Female,Black,11,8/24/2005
15631,926150,2618756,Paul,Odonnell,Male,Multiple,9,5/1/2008
15631,625560,3770575,Brandon,Barnes,Male,Hispanic,8,6/23/2009
15631,649057,5417127,Jose,Perry,Male,Multiple,11,8/24/2006
15631,453849,9283481,Donald,Flynn,Male,White,12,1/17/2005
15631,822964,1837840,Joseph,Beasley,Male,Multiple,10,3/5/2007
15631,315962,4849095,Wilfredo,Combs,Male,Asian,10,12/9/2007
15631,815910,5632677,Michael,Hill,Male,Asian,8,5/25/2010
15631,307121,3446009,George,Thomas,Male,Black,10,9/26/2007
15631,750688,4492661,Beatriz,Rosales,Female,Asian,8,11/27/2009
15631,386678,4250033,Lori,Howard,Female,Asian,10,1/3/2007
15631,209149,8603667,Alfredo,West,Male,Asian,11,11/1/2006
15631,179882,5895962,Roberto,Armstrong,Male,Black,8,6/2/2009
15631,920729,4664428,Anna,Lopez,Female,Multiple,12,2/2/2005
15631,425754,9006277,Sharon,Williamson,Female,Multiple,10,5/25/2006
15631,140621,4980151,George,Simpson,Male,White,11,12/3/2006
15631,720263,9437072,Betty,Smith,Female,Multiple,11,5/2/2005
15631,685581,1590856,Gary,Torres,Male,Black,9,10/20/2008
15631,152590,5796028,Michelle,Harvey,Female,White,10,3/17/2007
15631,467671,1912070,Melanie,Ball,Female,Black,11,7/25/2005
15631,406871,7854025,John,Flowers,Male,Black,12,9/1/2005
15631,994760,6312417,Louise,Lambert,Female,Hispanic,12,11/26/2005
15631,989699,6636310,Edwin,Bauer,Male,Asian,12,1/22/2005
15631,262723,6153028,Dianne,Brown,Female,Multiple,11,10/1/2006
15631,685273,1029450,Magdalena,Castillo,Female,Hispanic,10,5/16/2007
15631,112595,1932015,James,Bowen,Male,Hispanic,11,11/9/2006
15631,569156,4151229,Leon,Harrison,Male,Multiple,12,8/8/2006
15631,264645,8247799,Stephanie,Martinez,Female,Hispanic,12,4/27/2005
15631,732906,7474825,Guadalupe,Williams,Female,White,8,4/16/2009
15631,793390,4285402,Carmen,Solis,Female,Asian,10,4/14/2007
15631,894948,7785417,Leroy,Mckinney,Male,White,9,4/20/2008
15631,625661,1836973,Rose,Perez,Female,Hispanic,10,7/16/2007
15631,658721,6521066,Amy,Olsen,Female,Asian,9,5/4/2008
15631,506145,2415713,Bradley,Giles,Male,Hispanic,11,6/14/2006
15631,111666,9174285,Cleo,Richardson,Female,Black,11,1/15/2006
15631,874548,9567046,Laura,Smith,Female,White,8,6/12/2010
15631,687740,7471300,Melanie,Allen,Female,Asian,12,6/16/2005
15631,980290,9145903,Sara,Martinez,Female,Asian,8,3/4/2009
15631,913312,5648802,David,Blanchard,Male,White,10,5/27/2007
15631,115795,2695194,Michael,Davis,Male,Multiple,12,5/16/2005
15631,802343,7539454,Abraham,Raymond,Male,Asian,12,12/15/2005
15631,265717,4628173,Michael,Greene,Male,White,8,1/28/2009
15631,173490,9642789,Eric,Bowers,Male,Multiple,12,3/16/2005
15631,304740,9783340,Edward,Ramos,Male,Asian,12,6/6/2005
15631,656243,8227329,Sally,Anderson,Female,White,10,12/8/2007
15631,695007,3433934,John,Sheppard,Male,Hispanic,10,4/22/2007
15631,697749,5812699,Tanisha,Sandoval,Female,Multiple,11,6/8/2006
15631,153196,8732733,Jimmy,Walker,Male,Asian,11,8/8/2006
15631,767520,5751661,Kenneth,Gutierrez,Male,White,11,3/22/2005
15631,233020,5304155,Frank,Mcdonald,Male,Black,9,12/23/2008
15631,128373,5391490,Stephen,Wells,Male,Asian,8,9/20/2008
15631,135286,3447871,Sally,Edwards,Female,Asian,12,2/28/2005
15631,233939,9314865,Debra,Howard,Female,Asian,10,1/18/2007
15631,867146,7417728,Julie,Taylor,Female,White,8,9/16/2009
15631,674954,1553481,Patricia,Swanson,Female,Multiple,10,12/14/2007
15631,844993,5102544,Curtis,Moore,Male,White,10,3/1/2007
15631,118481,6187826,Deandre,Lewis,Male,Hispanic,8,6/1/2009
15631,132610,9375018,Lillie,Glass,Female,Hispanic,12,11/16/2004
15631,144208,5585378,Sharon,Marquez,Female,Multiple,10,10/17/2007
15631,586432,4344758,Marvin,Sampson,Male,White,11,12/3/2005
15631,212563,3381054,Gary,Davis,Male,Hispanic,11,7/22/2005
15631,684845,1904951,Peter,Price,Male,Black,12,9/3/2005
15631,870412,2523850,Stephen,Harris,Male,White,9,8/16/2008
15631,283415,8635055,Traci,Salazar,Female,Hispanic,11,2/1/2005
15631,550879,4853946,Walter,Ramos,Male,White,8,3/15/2009
15631,497380,7408744,Simone,Gonzales,Female,Hispanic,12,9/24/2004
15631,560605,5541448,John,Garcia,Male,Multiple,10,2/17/2007
15631,466243,1300753,David,Green,Male,White,9,9/21/2009
15631,129239,4098508,Betty,Guevara,Female,White,9,9/14/2008
15631,250780,3316852,Edna,Williams,Female,Multiple,12,7/3/2004
15631,184583,8028368,Erik,Smith,Male,Asian,8,9/7/2009
15631,367991,8722230,Mary,Reed,Female,Hispanic,12,5/7/2005
15631,917077,8331163,Angela,Reeves,Female,Multiple,10,9/4/2007
15631,599481,6005645,Joseph,Lu,Male,Hispanic,8,3/6/2009
15631,524286,3185635,Rodney,Novak,Male,White,12,5/24/2006
15631,863812,3992824,Renee,Wilson,Female,Hispanic,8,5/28/2009
15631,123340,7681862,Alice,Williams,Female,Multiple,9,1/13/2009
15631,997705,3629980,Roy,Price,Male,Asian,11,6/27/2006
15631,807086,5711720,James,Wilson,Male,Multiple,10,7/18/2006
15631,459867,6474792,Allen,Ward,Male,Multiple,9,8/5/2008
15631,551001,2202954,Alfonso,Hernandez,Male,Black,12,6/10/2005
15631,777997,6881220,Kelly,Gordon,Female,Multiple,8,3/24/2008
15631,102586,4293970,Kareem,Rojas,Male,Hispanic,8,4/1/2008
15631,949204,2018746,Pauline,Carter,Female,Black,12,6/8/2005
15631,817863,7411673,Melanie,Good,Female,Multiple,9,11/6/2007
15631,541245,4745845,Teresa,Mcbride,Female,White,9,10/7/2008
15631,849979,6525050,Loretta,Campos,Female,Asian,10,1/5/2007
15631,224024,8860628,Bernadette,Evans,Female,Multiple,9,8/21/2008
15631,323922,3523670,Adrian,Morales,Male,Asian,9,9/8/2008
15631,608707,9393110,Francine,Porter,Female,Asian,12,3/12/2004
15631,440584,9369008,Judith,Allen,Female,Hispanic,9,9/5/2007
15631,311120,7903059,Walter,Liu,Male,White,9,4/9/2008
15631,521764,3220438,Rogelio,Bautista,Male,White,8,8/12/2009
15631,909909,3294565,Christine,Burke,Female,Black,10,1/25/2007
15631,120327,8178261,Patricia,Jones,Female,Hispanic,12,10/27/2005
15631,372415,5219255,Nicole,Bell,Female,White,10,10/19/2007
15631,845995,8486838,Tina,Torres,Female,Hispanic,11,1/12/2006
15631,770369,3507320,Margaret,Gillespie,Female,White,12,11/12/2004
15631,726417,9129428,Edward,Robertson,Male,Asian,9,3/25/2007
15631,528024,9915818,Frances,Nelson,Female,Asian,11,8/8/2005
15631,628096,8879446,Sylvia,White,Female,Black,10,12/8/2007
15631,343360,1273063,Judy,Palmer,Female,Hispanic,9,11/6/2008
15631,602347,1393367,Wallace,Mays,Male,Multiple,8,8/4/2008
15631,116752,2259549,Antonia,Beil,Female,Multiple,12,7/5/2005
15631,570949,8266883,Kimberly,Bentley,Female,Asian,12,5/25/2005
15631,402486,7262770,James,Raymond,Male,Multiple,9,11/4/2008
15631,392125,5192471,Tonia,Wright,Female,Multiple,11,10/15/2006
15631,184548,7221766,Joseph,Nelson,Male,Black,8,12/13/2009
15631,358026,9942420,Lori,Phillips,Female,Black,10,8/12/2008
15631,326035,1799863,Adriana,Jones,Female,Multiple,8,4/14/2009
15631,552992,3903695,Jenifer,Salazar,Female,Hispanic,9,10/2/2008
15631,492013,8660936,Nicholas,Robbins,Male,Multiple,9,9/10/2008
15631,917909,1861377,James,Vazquez,Male,Multiple,9,5/14/2008
15631,214314,2730781,Edward,Wallace,Male,Asian,10,3/6/2007
15631,613833,6721054,Mildred,Norris,Female,White,10,4/14/2007
15631,468198,3406997,Gwendolyn,Alexander,Female,Asian,11,5/4/2006
15631,671347,7404705,Martha,Reed,Female,White,11,11/22/2006
15631,793531,2892267,Richard,Gray,Male,White,9,5/14/2007
15631,780305,4188906,Cristina,Miller,Female,Multiple,12,2/27/2005
15631,524043,2646436,James,Quinn,Male,Hispanic,11,1/13/2005
15631,617794,7464577,Laurence,Alexander,Male,Multiple,12,1/28/2005
15631,755965,5757437,Alvin,Glenn,Male,Multiple,12,6/11/2005
15631,735282,5677676,Charles,Carter,Male,Black,8,1/4/2010
15631,493275,7879074,Steven,Rasmussen,Male,Black,11,10/27/2007
15631,810667,3121570,Linda,Torres,Female,Multiple,10,10/27/2006
15631,232470,9719296,Andrew,Taylor,Male,Hispanic,10,7/3/2007
15631,965522,1953538,Garry,Jones,Male,Hispanic,11,4/14/2006
15631,969855,7319693,Joseph,Allen,Male,Black,8,10/24/2009
15631,351148,9217341,Daniel,Savage,Male,Hispanic,10,12/5/2007
15632,653485,8809293,Kelvin,Kramer,Male,Asian,10,9/16/2007
15632,588488,8047751,Edgar,Nelson,Male,Asian,9,1/2/2007
15632,133038,4762133,Nicole,Bush,Female,Multiple,9,3/22/2008
15632,536940,6702729,Anna,Anderson,Female,White,8,7/8/2009
15632,494669,3045846,Latonya,Murphy,Female,Multiple,12,3/24/2005
15632,810884,5534329,Melissa,Fox,Female,Hispanic,12,4/14/2005
15632,147973,2455581,Lisa,Burke,Female,White,11,4/25/2005
15632,454611,7473088,William,Hobbs,Male,Black,10,7/12/2007
15632,610500,8353251,Vivian,Lee,Female,Asian,12,4/12/2006
15632,986534,7938385,David,Harper,Male,White,10,4/18/2007
15632,260127,9989728,Daniel,Cooper,Male,Hispanic,8,4/14/2008
15632,688338,1800652,Albert,Kennedy,Male,Black,9,6/24/2008
15632,940751,9219538,Maria,Calderon,Male,White,8,4/8/2009
15632,185709,5772421,David,Stewart,Male,Multiple,11,5/6/2005
15632,671257,5377436,Charlotte,Johnson,Female,Multiple,10,2/20/2007
15632,902104,3287988,Joan,Wagner,Female,Multiple,10,6/9/2007
15632,610073,5690361,Patrick,Carter,Male,Hispanic,8,2/5/2009
15632,357641,2513976,Christy,Roberts,Female,Multiple,12,4/4/2005
15632,734559,7991930,Christine,Miller,Female,Hispanic,10,4/23/2007
15632,352744,6184403,Ricardo,Young,Male,Multiple,12,7/19/2005
15632,661732,4850612,Mary,Morales,Female,White,9,12/28/2008
15632,399842,6699235,Dawn,Gutierrez,Female,Hispanic,10,7/24/2007
15632,353018,4522192,Aaron,Thompson,Male,Multiple,9,5/8/2008
15632,180394,9353191,Theodore,Smith,Male,Hispanic,10,7/20/2007
15632,413451,1620447,Peter,Duke,Male,White,8,5/14/2009
15632,172716,8690471,Jennifer,Lopez,Female,Hispanic,8,3/16/2009
15632,561553,5542274,Joseph,Bender,Male,Hispanic,9,2/27/2009
15632,743521,8537807,Kelly,Reid,Male,Black,12,9/25/2005
15632,153479,5763178,Jaime,Wagner,Male,Asian,10,1/9/2007
15632,856159,3983979,Chad,Campbell,Male,Asian,10,3/4/2007
15632,488228,1360163,Mary,Black,Male,Multiple,12,10/21/2004
15632,468235,1964110,Richard,Dawson,Male,Asian,11,4/13/2006
15632,809509,8980915,Nancy,Martinez,Female,Hispanic,11,8/16/2006
15632,572551,1920702,Lavonne,Shepherd,Female,Hispanic,8,8/24/2009
15632,612192,7128891,Crystal,Gonzales,Female,White,8,9/16/2009
15632,720629,5585984,Pasquale,Ferguson,Male,Multiple,10,9/22/2007
15632,529663,4622869,Jean,Thompson,Male,Multiple,12,1/6/2005
15632,242129,7127737,Irene,House,Female,Hispanic,10,4/9/2007
15632,320390,6730778,Randy,Powell,Male,Asian,12,5/7/2005
15632,619396,5941784,Rosa,Whitaker,Female,White,12,11/13/2005
15632,130227,4033925,Vincent,Brock,Male,Multiple,12,11/22/2004
15632,742889,3560129,Mabel,Hicks,Female,White,10,1/14/2008
15632,581525,7374834,Jackson,Lopez,Male,Black,8,11/16/2008
15632,862850,1911810,Glen,Salazar,Male,Multiple,12,1/12/2005
15632,991020,5409714,James,Mccoy,Female,Black,12,9/1/2005
15632,485576,1304643,Daniel,Heath,Male,Multiple,11,8/15/2005
15632,983625,6354106,Elias,Townsend,Male,Multiple,10,8/25/2007
15632,445351,9279288,Phillip,Haynes,Male,Asian,9,10/8/2008
15632,442509,3066101,Bobbie,Holland,Male,White,8,9/16/2008
15632,860367,6739920,Jeremy,Jackson,Male,Hispanic,10,1/17/2006
15632,793694,3702701,Robert,Thompson,Female,White,9,3/1/2008
15632,295717,7926265,Karl,Williams,Male,White,9,4/15/2008
15632,236160,9776022,Ruth,Martinez,Female,White,12,11/24/2006
15632,525906,6221777,Rosario,Wilkerson,Male,Hispanic,10,11/14/2007
15632,321252,6156921,Christian,Cooper,Female,Black,10,10/23/2007
15632,564507,2109306,Curtis,White,Male,Hispanic,9,3/28/2008
15632,636747,8450567,Albert,Curry,Male,Asian,8,3/13/2010
15632,559996,5517713,Benjamin,Lewis,Male,Multiple,12,5/2/2005
15632,162323,8998150,Ray,Gonzalez,Male,Asian,11,10/10/2005
15632,449036,6956754,Sarah,Estrada,Female,Hispanic,12,11/18/2005
15632,868705,6050973,Michael,Anderson,Male,Black,12,10/12/2004
15632,725056,4171591,Kathryn,Boyd,Female,Asian,11,8/6/2007
15632,839017,3467077,Edmund,Peters,Male,White,12,11/6/2005
15632,447954,9780716,Clifford,Lewis,Male,Black,11,5/10/2005
15632,813673,2558635,Kara,Callahan,Female,Hispanic,10,9/5/2007
15632,861903,7177532,Eric,Hoover,Male,Asian,11,8/15/2006
15632,293981,7709427,Cheryl,Sanchez,Female,Multiple,12,12/20/2005
15632,487471,2601635,Daniel,Gardner,Male,Asian,9,2/13/2007
15632,295264,9554063,Robert,Rivera,Male,Hispanic,12,3/25/2005
15632,496564,4339443,Anthony,Roberts,Male,Asian,12,10/21/2005
15632,499480,7934644,Chauncey,Martinez,Male,Multiple,9,8/25/2008
15632,376770,1796765,Gary,Huynh,Male,Multiple,10,8/13/2007
15632,759271,9438911,Nancy,Dominguez,Female,White,8,6/8/2009
15632,290459,6074863,James,Strong,Male,Black,10,8/20/2008
15632,144712,3764279,Mary,Roman,Female,Black,10,11/8/2006
15632,950478,2210638,Craig,Frazier,Male,Black,8,12/24/2008
15632,140205,4377812,Dennis,Lin,Male,Hispanic,10,7/5/2007
15632,239831,4727540,Maria,Thomas,Female,White,9,8/24/2008
15632,437624,1952124,Harold,Miller,Male,Asian,12,10/6/2005
15632,750162,7230916,Stacy,Morgan,Female,White,11,1/9/2005
15632,471293,4898056,Gustavo,Shannon,Male,White,11,1/19/2006
15632,172204,6637213,Steve,Logan,Male,Hispanic,10,8/11/2007
15632,986513,7604614,Gerald,Moore,Male,Asian,10,2/1/2008
15632,662903,7801716,Martha,Washington,Female,White,11,9/15/2006
15632,764436,6480232,Clara,Reyes,Female,Multiple,9,2/6/2008
15632,970215,3828268,Fred,Anderson,Male,Asian,9,12/1/2008
15632,492128,6257013,Amber,King,Female,Black,11,2/1/2007
15632,741870,2997994,Juan,Wilson,Male,Asian,11,8/2/2007
15632,178138,9844593,Deborah,Gibbs,Female,White,9,9/11/2007
15632,284814,7807530,Charlotte,Jackson,Female,White,8,8/2/2009
15632,481932,2922281,Lucille,Little,Female,Hispanic,10,11/9/2007
15632,209861,4900110,Carmelo,Wilson,Male,Multiple,10,3/14/2008
15632,180449,6782912,Edmund,Sampson,Male,Black,8,8/14/2010
15632,997527,6372490,Esther,Ross,Female,Multiple,12,4/6/2005
15632,223700,3723039,Bobbie,Perry,Female,Multiple,11,11/17/2006
15632,316818,9047849,Amy,Hale,Female,Black,10,11/5/2007
15632,812763,5975159,Millie,Wells,Female,Hispanic,11,10/10/2006
15632,244589,4144383,Damian,Coleman,Male,Black,12,9/15/2005
15632,508137,1309765,Bessie,Reyes,Female,Hispanic,8,3/21/2009
15632,723465,4533451,Dorothy,Morales,Female,Hispanic,9,3/10/2009
15632,640452,2386917,Paul,Huerta,Male,Asian,12,8/1/2005
15632,908836,7414698,Bonnie,Reid,Female,Black,9,12/14/2008
15632,550641,2969842,Ramiro,Lindsey,Male,Black,12,11/5/2005
15632,151871,6723492,Pete,Evans,Male,White,11,7/22/2007
15632,930876,7908596,Olin,Wilson,Male,White,11,1/16/2006
15632,330852,9317575,Gary,Young,Male,Asian,8,1/9/2009
15632,943704,1689069,Steven,Hughes,Male,Multiple,9,7/27/2008
15632,656764,3140941,Carolyn,Chapman,Female,White,10,10/3/2007
15632,119124,7517718,Tabitha,Carter,Female,Black,8,11/15/2009
15632,541932,9727578,Steven,Campbell,Male,White,12,5/3/2005
15632,156684,8260755,April,Robinson,Female,Black,11,6/9/2006
15632,810265,4162770,Michael,Patterson,Male,Black,11,12/1/2007
15632,804653,3210114,Donald,Howard,Male,White,8,1/16/2009
15632,277821,5462908,Wanda,Guerra,Female,White,12,10/12/2006
15632,914355,3199494,Caroline,Wilson,Female,Asian,8,3/7/2009
15632,838293,1952100,Christopher,Kaur,Male,White,9,12/15/2008
15632,485737,2701456,Charmaine,Jensen,Female,White,9,2/1/2008
15632,892337,6591971,Mary,Craig,Female,Black,9,10/20/2008
15632,181347,9244654,Terry,Franco,Male,Asian,10,1/6/2007
15632,391984,7978529,Michel,Gallegos,Male,Black,9,3/7/2009
15632,326843,4967233,Jessica,Camacho,Female,White,11,7/2/2006
15632,592571,5143817,Barbara,Turner,Female,Hispanic,9,6/7/2008
15632,567946,9598359,Roland,Solis,Male,Hispanic,11,10/9/2007
15632,672224,8897765,Gilbert,Underwood,Male,Hispanic,10,5/6/2007
15632,784860,9286702,Tim,Esparza,Male,Multiple,9,2/16/2008
15632,226527,4112069,Jennie,Valdez,Female,Multiple,9,8/25/2007
15632,932079,7211395,Jerome,Hebert,Male,Asian,11,5/27/2006
15632,390459,3803758,Michael,Watkins,Male,Asian,8,3/25/2009
15632,716058,5789018,Marion,Benson,Female,White,11,10/25/2006
15632,798538,8727905,Ana,Spencer,Female,Hispanic,9,6/15/2008
15632,623285,5683512,Augustine,Wolfe,Male,White,11,1/17/2007
15632,346592,8512523,Wayne,Hanson,Male,Hispanic,9,6/10/2009
15632,362581,2144030,Alejandro,Love,Male,White,12,11/15/2005
15632,756197,2156289,Wendy,Stewart,Female,Hispanic,10,3/7/2007
15632,803120,4885003,David,Walters,Male,Black,12,1/17/2005
15632,976747,9463778,Cynthia,Hansen,Female,White,9,6/24/2008
15632,100652,7545849,Timothy,Black,Male,Asian,11,9/24/2005
15632,182781,6820754,Edgardo,Smith,Male,Asian,12,2/1/2005
15632,335254,6821868,Rodrick,Figueroa,Male,Black,11,11/14/2006
15632,124624,4342766,Jon,Newton,Male,Multiple,10,10/19/2008
15632,231385,1864822,Charlotte,Jones,Female,Multiple,11,1/14/2005
15632,960724,1237654,Michael,Sampson,Male,White,12,10/16/2005
15632,572787,5788353,Vanessa,Anderson,Female,Hispanic,10,10/24/2007
15632,955528,6657606,Terry,Barrera,Male,Hispanic,8,6/18/2008
15632,819089,1960051,Shari,Francis,Female,Hispanic,8,7/25/2009
15632,756129,3404662,Harry,Jones,Male,Hispanic,11,11/9/2006
15632,137151,1340815,Sabrina,Chen,Female,Asian,9,7/12/2007
15632,243385,7415555,David,Rosales,Male,Multiple,9,10/18/2008
15632,398430,2204526,Vincent,Orr,Male,Asian,9,1/27/2008
15632,308737,7606667,Javier,Martinez,Male,Black,10,7/25/2006
15632,614785,7561219,Rene,Delacruz,Male,Hispanic,11,3/7/2006
15632,233594,6813718,Lucas,Stone,Male,Multiple,12,4/4/2005
15632,307652,5849251,Anita,Melton,Female,Asian,8,10/23/2009
15632,828067,8112797,Carol,Wilson,Female,Hispanic,9,11/10/2008
15632,837727,1532166,Alexis,Smith,Male,Black,11,3/1/2006
15632,569590,8701299,Joshua,Melendez,Male,White,9,7/13/2008
15632,590065,8823037,Booker,Huerta,Male,Multiple,12,9/3/2005
15632,988575,4000849,Jeanne,Murphy,Female,Hispanic,8,7/15/2008
15632,786455,2796632,Stephan,Lawrence,Male,White,9,1/23/2008
15632,960288,6541096,Steven,Miller,Male,White,11,4/6/2006
15632,878196,3056575,Joan,Parker,Male,Black,12,9/9/2005
15632,441662,1354295,Joan,Taylor,Male,Multiple,9,1/9/2009
15632,208195,3203532,Clarence,Baker,Male,Black,10,7/24/2006
15632,346900,7019887,Marilyn,Medina,Female,Black,12,1/22/2006
15632,649710,4903199,Clement,Lee,Male,Black,12,8/25/2004
15632,835078,1980185,Helen,Tucker,Female,Asian,9,8/16/2009
15632,435071,9946009,Natasha,Baker,Female,Asian,9,12/28/2009
15632,361082,8321510,Laurence,Moss,Male,Black,9,5/5/2008
15632,285800,9073192,Elizabeth,Lucas,Female,Multiple,12,8/13/2005
15632,354645,4253994,Carrie,Gray,Female,Black,10,5/5/2007
15632,275247,3938678,Walter,Herrera,Male,Black,12,2/19/2005
15632,569638,7928692,Eva,Snyder,Female,White,9,8/3/2008
15632,274834,2206383,Jessica,Hudson,Female,Multiple,12,5/4/2005
15632,587783,8136176,Kelly,Bailey,Male,Multiple,8,11/19/2009
15632,244548,1976534,Alexandra,Mosley,Female,Black,12,3/17/2005
15632,883105,9973068,Kim,Wells,Male,White,9,8/20/2008
15632,260475,2644208,Anita,Marquez,Female,Hispanic,10,4/12/2006
15632,873539,4696341,Becky,Rosales,Female,White,12,8/4/2006
15632,883117,9273175,Ann,Roman,Female,Multiple,10,3/27/2007
15632,822995,4825458,Lynn,Torres,Male,Hispanic,8,9/12/2009
15632,913524,5934235,Mona,Lu,Female,Black,10,6/18/2007
15632,166965,3933933,Mary,Lopez,Male,Asian,12,1/12/2004
15632,205970,3501268,Linda,Hill,Female,White,9,4/26/2008
15632,757264,9323487,Darlene,Rangel,Female,Black,12,6/28/2005
15632,848467,7516858,Rhoda,Davis,Female,Black,12,4/7/2005
15632,861320,8569745,Ollie,Silva,Male,Hispanic,9,2/3/2008
15632,438893,6744516,Edward,Craig,Male,Black,12,7/2/2005
15632,259150,7273151,Ollie,Cruz,Male,White,10,5/22/2007
15632,652603,7746244,Anne,Lee,Female,White,9,4/16/2008
15632,932390,9635740,Genaro,Lara,Male,Asian,10,10/28/2007
15632,429445,5067858,Max,Parks,Male,Asian,11,5/7/2006
15632,960095,4061307,David,Johnson,Male,White,11,11/12/2006
15632,811999,4564669,Barbara,Perkins,Female,Asian,10,2/2/2006
15632,665269,7181411,Stewart,Green,Male,Multiple,10,5/12/2007
15632,408281,8942613,Wesley,Sandoval,Male,White,12,4/26/2004
15632,263531,2466281,Carole,Green,Female,Multiple,9,4/15/2008
15632,621364,6837590,Lisa,Meyers,Female,Black,10,8/12/2007
15632,928237,2505905,Jerry,Shannon,Female,White,8,5/12/2009
15632,779479,4306601,Benjamin,Turner,Male,White,9,2/5/2009
15632,206563,2842363,George,Galvan,Male,Asian,12,2/25/2005
15632,420884,5616000,Barbara,Ball,Female,Asian,9,6/11/2008
15632,813726,8971987,Robert,Jimenez,Female,Black,8,8/28/2010
15632,741083,6037175,Sally,Taylor,Female,White,11,7/9/2006
15632,895952,7709245,Rudolph,Duran,Male,Black,9,12/3/2007
15632,625560,1535912,Desiree,May,Female,White,12,9/3/2004
15632,400636,6740476,Emma,Scott,Female,Asian,12,11/19/2005
15632,791167,8562464,Evelyn,Wilson,Female,Asian,9,8/11/2008
15632,743709,8294252,John,Lee,Female,Hispanic,10,11/18/2007
15632,869124,1565267,Todd,Jones,Male,Asian,10,6/21/2008
15632,916495,9320282,Catherine,Johnson,Female,Black,10,11/27/2007
15632,153877,6142770,Stacie,Howell,Female,Asian,9,4/8/2008
15632,483049,3905333,Patricia,Mitchell,Female,Black,12,7/5/2005
15632,243866,6794124,Melissa,Ayers,Female,Hispanic,11,9/8/2007
15632,811583,2290919,Cleo,Beck,Male,Asian,10,6/5/2008
15632,468431,5843310,Alice,Rivera,Female,Multiple,11,10/15/2006
15632,347031,5731356,Danielle,Byrd,Female,White,11,12/6/2005
15632,778306,3539654,Richard,Smith,Male,White,9,2/22/2008
15632,758883,8178107,Rebecca,Rosario,Female,Hispanic,10,4/1/2007
15632,239084,9942124,William,Smith,Male,Asian,10,7/23/2007
15632,333713,6912702,Christina,Saunders,Female,Hispanic,11,5/22/2006
15632,304017,6690411,Bradley,Gonzalez,Male,Black,8,5/20/2009
15632,717179,7758226,Edward,Vaughan,Male,Black,10,6/13/2008
15632,388814,3404641,Rebecca,Lee,Female,Hispanic,11,12/26/2005
15632,810036,1802874,Curtis,Spencer,Male,Asian,10,2/2/2007
15632,278636,9163658,Kristine,Mills,Female,Multiple,9,8/17/2008
15632,507614,3384118,Patricia,Rodriguez,Female,Multiple,11,4/2/2006
15632,764597,6893814,Larry,Daniel,Male,Hispanic,12,7/8/2006
15632,586961,7629755,Jamie,Chen,Male,Multiple,8,4/13/2009
15632,172090,7878500,Frances,Clay,Male,Hispanic,10,2/1/2007
15632,753008,2273805,Walter,Sims,Male,White,9,1/4/2008
15632,764306,5488912,Matthew,Martin,Male,Asian,11,9/18/2006
15632,599106,5907748,Frederick,Allen,Male,White,10,12/20/2006
15632,741924,6837453,Robert,Conrad,Female,Hispanic,10,11/22/2006
15632,500779,4270836,Joel,Fox,Male,Hispanic,8,2/18/2009
15632,405328,7067985,Rick,Mckenzie,Male,Black,8,1/17/2009
15632,147671,5824193,Catherine,Williams,Female,Multiple,8,9/14/2009
15632,701148,1391200,Kevin,Ellis,Male,Black,12,1/12/2005
15632,990780,4402040,Jacob,Velazquez,Male,Multiple,8,9/22/2009
15632,716879,6177177,Daniel,Holmes,Male,Asian,12,3/13/2005
15632,760059,3608613,Charles,Estes,Male,Multiple,8,2/28/2008
15632,144760,7375456,Wayne,Jones,Male,Asian,9,3/19/2008
15632,582327,6859511,Gena,Taylor,Female,Black,11,9/5/2005
15632,343031,3541658,Donald,Howard,Male,Multiple,9,5/16/2008
15632,830842,8336519,Sheila,Baldwin,Female,Multiple,12,1/20/2005
15632,781712,4681943,Audrey,Powers,Female,Multiple,11,8/23/2006
15632,673071,9337655,Christine,Powell,Female,Black,8,12/16/2008
15632,964444,2450660,Sylvia,Reed,Female,Asian,10,6/6/2007
15632,378164,3873206,Bill,Dyer,Male,Multiple,10,3/4/2007
15632,955970,5016670,Nina,Delacruz,Female,Asian,8,7/26/2009
15632,343839,8798242,Lucien,Cox,Male,White,9,4/22/2007
15632,387546,6411490,Ada,Williams,Female,Hispanic,10,6/11/2007
15632,333780,8234931,Cynthia,Hernandez,Female,White,11,4/10/2006
15632,313637,4588613,Kristy,Vasquez,Female,White,11,4/1/2006
15632,501393,4539078,Joshua,Cameron,Male,Hispanic,8,9/18/2010
15632,231793,1376103,Joseph,Correa,Male,Multiple,10,2/4/2008
15632,209790,3714712,Charlotte,Simmons,Female,Black,11,4/4/2006
15632,331438,6073638,Willie,Carpenter,Male,White,9,1/2/2008
15632,868820,1413997,Joseph,Short,Male,Black,12,9/19/2005
15632,779283,5816163,John,Chavez,Male,Multiple,10,1/25/2007
15632,515321,6793152,Claire,Montoya,Female,Black,9,6/25/2008
15632,439221,6304414,Wesley,Gutierrez,Male,Hispanic,9,7/3/2008
15632,832056,7785325,Nancy,Richardson,Female,Asian,9,8/19/2008
15632,360726,3669250,Erika,Oneal,Female,Black,8,6/13/2008
15632,797092,7428020,Deborah,Jones,Female,Black,12,12/11/2005
15632,407094,8800122,Betty,Mccoy,Female,White,10,2/11/2006
15632,470534,1461664,Jessie,Baldwin,Female,Hispanic,10,2/26/2008
15632,854832,1938632,Mark,Fisher,Male,Multiple,10,8/26/2006
15632,510715,4109101,Rose,Richardson,Female,Black,9,4/17/2009
15632,859245,2690095,Timothy,Smith,Male,Hispanic,10,9/21/2007
15632,479131,2629596,James,Miller,Male,Black,9,6/22/2008
15632,348116,8762602,Linda,Freeman,Female,White,8,4/24/2009
15632,797718,1528263,Jeff,Long,Male,Multiple,9,2/17/2008
15632,650058,5233646,Sherry,Lane,Female,Black,9,10/4/2008
15632,756714,8217474,George,Mason,Male,White,12,11/19/2004
15632,414773,6350598,Lynn,Quintero,Female,White,10,12/3/2006
15632,437424,8260920,Jennifer,Cunningham,Female,White,9,9/4/2008
15632,772607,4781361,Kenneth,Matthews,Male,Hispanic,9,10/14/2008
15632,984691,9337787,Lisa,Marshall,Female,Asian,9,9/15/2008
15632,412332,1043557,Kenneth,Smith,Male,Black,11,3/10/2007
15632,149428,2355919,David,Hamilton,Male,White,12,7/15/2005
15632,717723,2632241,James,Magana,Male,Asian,9,6/22/2008
15632,568598,9861014,June,Robinson,Female,Asian,10,9/16/2007
15632,226905,5435572,Clyde,Flowers,Male,Black,8,6/22/2009
15632,692535,3853700,Norma,Smith,Female,White,8,12/16/2009
15632,564068,3565236,Julia,Zavala,Female,Hispanic,10,1/21/2007
15632,695243,1622051,Judy,Hines,Female,Hispanic,11,4/23/2006
15632,921357,5280346,Jake,Little,Male,Hispanic,11,8/19/2006
15632,911023,4972731,Lynn,Hunt,Female,Hispanic,9,12/25/2007
15632,944990,7409989,Jeanne,Walker,Female,Multiple,9,8/14/2008
15632,268692,6888585,Andy,Collins,Male,Black,11,2/21/2006
15632,293783,6265062,Alice,Lyons,Female,Hispanic,9,4/22/2008
15632,668260,2054423,Elizabeth,Butler,Female,Black,12,4/18/2005
15632,736365,8586543,Sharon,Chang,Female,Asian,11,12/24/2006
15632,629016,1372794,Shannon,Velazquez,Female,Multiple,9,4/28/2007
15632,302059,2655212,Francis,Gray,Male,Hispanic,9,2/20/2008
15632,621318,6594837,Robert,Moore,Male,Hispanic,8,9/19/2010
15632,200950,8677234,Paul,Williams,Male,Hispanic,10,7/1/2006
15632,911902,7838703,Jerry,Campbell,Male,Multiple,10,6/22/2007
15632,612692,6511548,Mary,Person,Female,Multiple,8,11/13/2009
15632,430519,8880374,Leigh,Mcclain,Female,Hispanic,12,12/16/2005
15632,504505,5648377,Catherine,Gregory,Female,Multiple,8,8/11/2009
15632,604760,1880003,Catherine,Henry,Female,White,8,12/1/2009
15632,212039,4604596,Della,Simmons,Female,Multiple,11,6/1/2006
15632,431214,4317596,Paul,Richmond,Male,Asian,12,1/23/2005
15632,382765,7718242,Joshua,Clark,Male,Black,12,4/13/2005
15632,247443,9692485,Maria,Smith,Female,Black,8,4/7/2009
15632,278133,7899574,Rosemarie,Johnson,Female,Hispanic,11,1/21/2006
15632,502009,3002757,James,Henderson,Male,Hispanic,8,11/10/2008
15632,539688,9113947,Bill,Farmer,Male,Black,12,2/10/2005
15632,459818,5841312,Florence,Ramirez,Female,White,9,5/14/2007
15632,646182,1994586,Louis,Watson,Male,White,8,9/21/2009
15632,596109,4857407,Matthew,Lucas,Male,Black,9,10/15/2008
15632,552521,9989232,Vicente,Nelson,Male,Asian,10,4/24/2007
15632,727032,5702251,Catherine,Morris,Female,Hispanic,10,4/17/2007
15632,661403,2045788,Loren,May,Male,Hispanic,8,4/10/2009
15632,310773,3894986,Lucille,Peterson,Female,Hispanic,10,1/16/2008
15632,364412,9074150,James,Jones,Male,Multiple,11,1/22/2006
15632,184296,6528478,Willie,Gutierrez,Male,Multiple,9,11/4/2008
15632,576670,6663736,Justin,Porter,Male,White,10,4/21/2007
15632,388112,2052267,Connie,Kane,Female,Asian,8,4/19/2009
15632,710525,8911296,Jacob,Walters,Male,Asian,9,8/25/2008
15632,778113,4067668,Marie,Castillo,Female,Hispanic,9,5/8/2008
15632,999899,2620856,Daniel,Padilla,Male,White,11,8/1/2006
15632,933824,1936089,Sally,Horn,Female,Black,9,12/14/2009
15632,585156,8033730,Kenneth,Bell,Male,Hispanic,10,12/21/2007
15632,650098,8219901,Vincent,Wong,Male,White,11,12/23/2005
15632,891770,2886758,Valerie,Walker,Female,White,9,6/21/2007
15632,130374,6697907,Crystal,Clarke,Female,Hispanic,9,5/20/2008
15632,179306,3673149,Glen,Rodriguez,Male,White,11,10/14/2005
15632,312252,5034792,Kenneth,Solomon,Male,White,12,10/27/2005
15632,440765,3070342,Ricardo,Davis,Male,White,10,11/22/2008
15632,446137,3954093,Alice,Mendoza,Female,Hispanic,11,5/11/2006
15632,153798,2748859,Evelyn,Stark,Female,Hispanic,9,1/2/2007
15632,921908,1448492,Kimberly,Cummings,Female,White,10,6/8/2007
15632,107316,2851523,Betty,Vega,Female,Hispanic,11,10/18/2006
15632,431160,1999515,Keith,Castillo,Male,Hispanic,10,10/15/2007
15632,506975,3346107,Amelia,Jackson,Female,Hispanic,10,2/19/2006
15632,235888,4506108,Danny,Allen,Male,Black,10,8/6/2007
15632,862827,5118953,William,Mcbride,Male,Black,11,9/24/2006
15632,232365,5148541,Dorothy,Turner,Female,White,12,6/8/2005
15632,107235,1949889,Clarence,Franco,Male,Multiple,12,5/7/2005
15632,828472,3595633,George,Baldwin,Male,Hispanic,12,10/12/2005
15632,823816,2423178,Melvin,Barrett,Male,Asian,9,10/24/2008
15632,305663,2078789,Christine,Morgan,Female,Black,11,11/2/2006
15632,335340,1899446,Marion,Reilly,Female,White,8,10/12/2009
15632,207331,2842927,Allison,Williamson,Female,Asian,11,6/9/2006
15632,594545,7213767,Sue,Sims,Female,Multiple,12,8/14/2005
15632,403670,8870764,Guadalupe,Walker,Female,Black,10,2/5/2007
15632,562233,7821120,Heather,Bell,Female,Hispanic,10,7/22/2007
15632,723286,5641457,Margo,Lowe,Female,White,10,2/22/2007
15632,827392,2775218,Ester,Norris,Female,Hispanic,12,5/18/2005
15632,781531,3738838,Sharron,Miranda,Female,Black,10,5/17/2007
15632,673438,9378829,Esther,Bass,Female,Multiple,10,11/5/2007
15632,103759,2154652,Charles,Bennett,Male,Black,9,7/7/2008
15632,646206,1298133,David,Meyers,Male,Asian,12,11/21/2005
15632,574821,9353937,Marisa,Larson,Female,White,11,7/8/2006
15632,751067,3418318,Robert,Mitchell,Male,Multiple,10,7/21/2006
15632,102499,4984111,Anita,West,Female,White,9,5/28/2008
15632,708683,4892300,Brooks,Jacobs,Male,White,8,12/6/2009
15632,124852,9076132,Annie,Cox,Female,Asian,11,12/6/2007
15632,255141,1924682,Trevor,Garcia,Male,Asian,11,7/18/2006
15632,160727,4367575,Carl,Stout,Male,Multiple,11,5/10/2005
15632,402901,4031852,Barbara,Dominguez,Female,Black,12,4/2/2005
15632,206037,1974407,Catherine,Lawrence,Female,White,9,7/3/2008
15632,279574,8740911,Janet,Madden,Female,Multiple,8,12/19/2009
15632,196277,4634165,Timothy,Gutierrez,Male,Asian,8,10/16/2009
15632,425599,2932927,Mark,Rodriguez,Male,Black,11,11/11/2006
15632,870857,5692223,John,Smith,Female,Black,9,5/16/2008
15632,829990,8535980,Francis,Phillips,Male,Black,9,6/14/2007
15632,774451,8297915,Bryan,Bishop,Male,Hispanic,10,8/6/2007
15632,403533,2137738,Linda,Luna,Female,Asian,8,11/17/2009
15632,585134,1296617,Carla,Wall,Female,White,9,4/23/2008
15632,922191,4353813,David,Fowler,Male,White,8,3/9/2009
15632,342845,7229176,Cynthia,Nelson,Female,Asian,9,6/6/2008
15632,285445,3555293,John,Li,Male,Asian,8,10/20/2009
15632,439587,4239921,Carolyn,Byrd,Female,Multiple,9,2/26/2009
15632,693959,1629180,Lydia,Lewis,Female,Black,12,6/26/2005
15632,523785,3775687,Ellen,Dean,Female,Asian,11,9/13/2007
15632,208864,2528085,Joshua,Macdonald,Male,White,8,10/21/2009
15632,722880,9569479,Charlie,Johnson,Male,Black,8,6/20/2009
15632,654115,9684359,Sharon,Santos,Female,Hispanic,8,11/18/2009
15632,339950,4518647,Maurice,Sanchez,Male,Black,8,6/4/2009
15632,170092,2972400,Albert,Walsh,Male,Black,12,8/22/2004
15632,315548,3896817,Patrick,Alvarado,Male,Asian,9,5/7/2008
15632,782855,7798154,Justin,Williams,Male,Asian,11,3/9/2007
15632,533143,5965980,Vincent,Dunn,Male,Black,11,7/20/2005
15632,450042,8678850,Josephine,Perez,Female,Multiple,8,7/14/2009
15632,283282,2996386,Gordon,Gross,Male,Multiple,9,5/10/2008
15632,680595,8559428,Angel,Smith,Male,White,11,3/3/2006
15632,346989,3172752,Herbert,Peterson,Male,Multiple,10,4/6/2006
15632,815133,2189944,Sarah,Guzman,Female,Asian,9,5/22/2008
15632,572446,7533062,Marie,Morales,Female,White,11,6/25/2006
15632,596077,6485120,Paul,Ortiz,Male,Multiple,11,11/10/2006
15632,770119,3505078,Francis,Rodriguez,Male,White,12,5/13/2005
15632,454789,8945735,Leslie,Owens,Female,Hispanic,10,1/26/2006
15632,375357,3447528,Cindy,Randall,Female,Hispanic,12,9/25/2005
15632,374334,1940911,Richard,Walker,Male,Asian,12,6/26/2006
15632,341982,8679790,Charles,Fowler,Male,Multiple,10,12/13/2007
15632,146325,3367259,Matthew,Garcia,Male,Multiple,10,6/13/2007
15632,887860,8794522,Benjamin,Kennedy,Male,Black,12,2/14/2005